"Fecha","Último","Apertura","Máximo","Mínimo","Vol.","% var."
"10.11.2023","33,260","33,220","33,470","33,160","231,27K","-0,18%"
"09.11.2023","33,320","33,250","33,440","33,100","273,07K","0,18%"
"08.11.2023","33,260","33,090","33,300","32,930","663,93K","0,24%"
"07.11.2023","33,180","33,300","33,470","33,100","254,90K","-0,96%"
"06.11.2023","33,500","33,890","33,890","33,390","270,00K","-1,15%"
"03.11.2023","33,890","34,350","34,400","33,840","255,13K","-0,88%"
"02.11.2023","34,190","34,280","34,470","34,080","385,45K","0,59%"
"01.11.2023","33,990","34,050","34,230","33,770","277,54K","-0,53%"
"31.10.2023","34,170","33,780","34,210","33,640","1,04M","1,27%"
"30.10.2023","33,740","33,430","33,800","33,360","379,81K","0,96%"
"27.10.2023","33,420","32,910","33,700","32,700","677,22K","2,05%"
"26.10.2023","32,750","32,180","32,940","32,170","427,86K","0,74%"
"25.10.2023","32,510","32,600","32,770","32,430","380,47K","-0,34%"
"24.10.2023","32,620","32,270","32,660","32,220","385,38K","0,65%"
"23.10.2023","32,410","32,210","32,460","32,120","374,14K","0,50%"
"20.10.2023","32,250","32,330","32,510","31,870","818,99K","-0,80%"
"19.10.2023","32,510","32,570","32,620","32,220","364,83K","-0,73%"
"18.10.2023","32,750","33,030","33,210","32,600","342,71K","-1,09%"
"17.10.2023","33,110","33,100","33,180","32,940","261,90K","-0,06%"
"16.10.2023","33,130","33,420","33,440","33,070","286,93K","-0,21%"
"13.10.2023","33,200","33,650","34,080","33,170","349,06K","-1,25%"
"12.10.2023","33,620","33,610","33,700","33,390","309,15K","0,27%"
"11.10.2023","33,530","33,310","33,590","32,690","503,58K","0,27%"
"10.10.2023","33,440","33,280","33,630","33,190","416,66K","1,67%"
"09.10.2023","32,890","32,740","33,060","32,580","350,64K","-0,09%"
"06.10.2023","32,920","32,180","33,060","32,100","452,50K","2,78%"
"05.10.2023","32,030","33,500","33,500","32,030","712,92K","-3,99%"
"04.10.2023","33,360","33,360","33,630","33,060","360,49K","-0,27%"
"03.10.2023","33,450","33,500","33,930","33,270","423,91K","-0,80%"
"02.10.2023","33,720","34,130","34,280","33,650","491,79K","-1,03%"
"29.09.2023","34,070","33,960","34,310","33,790","507,10K","0,38%"
"28.09.2023","33,940","33,900","33,970","33,570","465,31K","0,41%"
"27.09.2023","33,800","33,940","34,180","33,690","438,22K","-0,24%"
"26.09.2023","33,880","33,730","34,200","33,710","447,52K","0,15%"
"25.09.2023","33,830","34,000","34,190","33,600","1,14M","-0,68%"
"22.09.2023","34,060","33,930","34,240","33,770","358,93K","-0,29%"
"21.09.2023","34,160","34,300","34,310","33,450","459,18K","-0,58%"
"20.09.2023","34,360","34,190","34,490","34,180","304,61K","0,32%"
"19.09.2023","34,250","33,600","34,250","33,490","365,34K","1,87%"
"18.09.2023","33,620","33,370","33,620","33,210","376,75K","0,63%"
"15.09.2023","33,410","33,000","33,430","32,990","1,40M","1,43%"
"14.09.2023","32,940","32,600","32,960","32,560","393,30K","0,86%"
"13.09.2023","32,660","32,820","32,820","32,410","356,74K","-0,61%"
"12.09.2023","32,860","32,950","33,000","32,560","363,85K","-0,24%"
"11.09.2023","32,940","32,570","32,940","32,570","226,39K","1,42%"
"08.09.2023","32,480","32,600","32,650","32,300","176,93K","0,28%"
"07.09.2023","32,390","32,090","32,630","32,090","259,87K","0,47%"
"06.09.2023","32,240","32,200","32,370","32,120","199,29K","-0,06%"
"05.09.2023","32,260","32,310","32,580","32,050","190,68K","-0,34%"
"04.09.2023","32,370","32,440","32,640","32,260","170,58K","0,12%"
"01.09.2023","32,330","32,420","32,630","32,290","205,74K","-0,19%"
"31.08.2023","32,390","32,410","32,700","32,390","821,28K","0,15%"
"30.08.2023","32,340","32,180","32,490","32,160","287,72K","0,50%"
"29.08.2023","32,180","32,200","32,420","32,150","451,29K","0,50%"
"28.08.2023","32,020","32,020","32,130","31,900","","1,11%"
"25.08.2023","31,670","31,810","32,040","31,550","392,13K","-0,78%"
"24.08.2023","31,920","31,840","32,040","31,810","241,58K","0,54%"
"23.08.2023","31,750","31,820","31,910","31,650","217,50K","0,03%"
"22.08.2023","31,740","31,440","31,820","31,440","220,15K","1,37%"
"21.08.2023","31,310","31,360","31,530","31,280","177,23K","0,03%"
"18.08.2023","31,300","31,170","31,320","30,960","331,79K","0,06%"
"17.08.2023","31,280","31,480","31,560","31,250","305,89K","-0,79%"
"16.08.2023","31,530","31,480","31,700","31,380","184,90K","0,06%"
"15.08.2023","31,510","31,680","31,800","31,500","165,06K","-0,54%"
"14.08.2023","31,680","31,550","31,820","31,420","157,06K","-0,38%"
"11.08.2023","31,800","31,840","32,040","31,640","215,51K","0,09%"
"10.08.2023","31,770","31,700","31,850","31,630","267,99K","0,41%"
"09.08.2023","31,640","31,600","31,700","31,400","235,54K","0,80%"
"08.08.2023","31,390","31,260","31,590","31,210","237,89K","-0,16%"
"07.08.2023","31,440","31,200","31,450","31,090","232,47K","0,26%"
"04.08.2023","31,360","31,240","31,430","31,180","170,11K","0,67%"
"03.08.2023","31,150","31,400","31,430","31,020","311,94K","-0,89%"
"02.08.2023","31,430","31,440","31,550","30,890","390,72K","-0,66%"
"01.08.2023","31,640","31,790","31,850","31,520","330,46K","-0,47%"
"31.07.2023","31,790","32,000","32,040","31,780","513,67K","-0,47%"
"28.07.2023","31,940","31,500","32,210","31,500","458,66K","0,31%"
"27.07.2023","31,840","31,250","32,020","31,200","585,09K","0,92%"
"26.07.2023","31,550","30,510","31,550","30,510","720,28K","3,17%"
"25.07.2023","30,580","30,390","30,580","30,290","271,65K","0,43%"
"24.07.2023","30,450","30,380","30,590","30,200","276,63K","-0,68%"
"21.07.2023","30,660","30,820","30,850","30,570","503,53K","-0,45%"
"20.07.2023","30,800","30,360","30,960","30,360","374,77K","1,65%"
"19.07.2023","30,300","29,800","30,420","29,800","330,17K","1,88%"
"18.07.2023","29,740","29,720","29,790","29,560","338,31K","0,34%"
"17.07.2023","29,640","29,650","29,820","29,530","409,57K","-0,40%"
"14.07.2023","29,760","29,980","30,120","29,760","1,21M","-0,73%"
"13.07.2023","29,980","29,650","30,140","29,650","392,80K","-0,60%"
"12.07.2023","30,160","30,160","30,260","30,010","286,21K","0,37%"
"11.07.2023","30,050","29,790","30,110","29,500","562,26K","1,49%"
"10.07.2023","29,610","29,280","29,650","29,250","386,83K","0,65%"
"07.07.2023","29,420","29,210","29,440","29,050","498,99K","0,65%"
"06.07.2023","29,230","29,610","29,670","29,130","625,04K","-1,95%"
"05.07.2023","29,810","30,090","30,090","29,720","651,83K","-1,03%"
"04.07.2023","30,120","30,350","30,350","29,980","536,13K","-0,45%"
"03.07.2023","30,257","30,638","30,638","30,257","681,16K","-1,24%"
"30.06.2023","30,638","30,286","30,695","29,971","706,45K","1,45%"
"29.06.2023","30,200","30,000","30,381","29,924","402,29K","0,86%"
"28.06.2023","29,943","29,848","30,029","29,771","471,68K","0,48%"
"27.06.2023","29,800","29,657","29,857","29,314","471,79K","0,84%"
"26.06.2023","29,552","29,486","29,714","29,181","433,47K","0,19%"
"23.06.2023","29,495","29,505","29,552","29,267","441,98K","-0,39%"
"22.06.2023","29,610","29,571","29,790","29,362","451,59K","-0,54%"
"21.06.2023","29,771","29,686","29,876","29,610","232,58K","0,48%"
"20.06.2023","29,629","29,600","29,714","29,533","398,90K","-0,06%"
"19.06.2023","29,648","30,000","30,010","29,543","503,09K","-1,58%"
"16.06.2023","30,124","29,838","30,229","29,762","1,35M","0,99%"
"15.06.2023","29,829","29,676","29,914","29,581","324,47K","-4,49%"
"14.06.2023","31,230","31,380","31,470","31,180","480,68K","-0,48%"
"13.06.2023","31,380","31,950","31,960","31,220","409,83K","-1,54%"
"12.06.2023","31,870","31,560","31,940","31,430","317,00K","1,24%"
"09.06.2023","31,480","31,340","31,510","31,170","285,35K","0,54%"
"08.06.2023","31,310","31,100","31,310","31,060","271,24K","0,48%"
"07.06.2023","31,160","31,100","31,420","31,010","389,86K","-0,29%"
"06.06.2023","31,250","31,350","31,390","30,980","242,12K","-0,48%"
"05.06.2023","31,400","31,490","31,700","31,290","394,30K","0,26%"
"02.06.2023","31,320","31,550","31,600","30,960","523,02K","-0,76%"
"01.06.2023","31,560","31,370","31,570","31,250","301,87K","1,41%"
"31.05.2023","31,120","31,070","31,410","30,870","3,49M","-0,48%"
"30.05.2023","31,270","31,350","31,630","31,120","328,26K","0,29%"
"29.05.2023","31,180","31,340","31,410","31,130","147,69K","0,23%"
"26.05.2023","31,110","31,110","31,220","30,740","241,59K","0,58%"
"25.05.2023","30,930","30,870","30,950","30,700","352,80K","0,36%"
"24.05.2023","30,820","30,920","30,960","30,670","472,90K","-0,87%"
"23.05.2023","31,090","31,460","31,460","31,050","263,71K","-1,27%"
"22.05.2023","31,490","31,370","31,750","31,320","368,73K","0,67%"
"19.05.2023","31,280","31,280","31,530","30,990","463,39K","0,19%"
"18.05.2023","31,220","31,050","31,430","31,050","312,52K","0,74%"
"17.05.2023","30,990","30,990","31,180","30,850","322,53K","0,16%"
"16.05.2023","30,940","30,790","31,040","30,730","330,81K","0,59%"
"15.05.2023","30,760","31,380","31,380","30,440","836,04K","-1,50%"
"12.05.2023","31,230","31,480","32,130","31,090","546,18K","-1,42%"
"11.05.2023","31,680","31,940","32,230","31,560","337,09K","-1,12%"
"10.05.2023","32,040","32,000","32,150","31,840","362,36K","0,16%"
"09.05.2023","31,990","31,820","31,990","31,550","466,29K","0,06%"
"08.05.2023","31,970","31,670","31,970","31,580","256,06K","0,66%"
"05.05.2023","31,760","31,430","31,760","31,290","271,51K","1,63%"
"04.05.2023","31,250","31,570","31,570","31,160","347,32K","-0,83%"
"03.05.2023","31,510","31,000","31,520","31,000","478,52K","1,45%"
"02.05.2023","31,060","31,280","31,380","30,880","414,93K","-0,45%"
"28.04.2023","31,200","31,180","31,330","30,800","697,28K","0,29%"
"27.04.2023","31,110","31,330","31,350","30,900","623,20K","-0,67%"
"26.04.2023","31,320","31,350","31,490","30,950","640,39K","-0,16%"
"25.04.2023","31,370","31,680","31,680","31,150","467,57K","-1,41%"
"24.04.2023","31,820","31,700","31,880","31,630","357,64K","0,25%"
"21.04.2023","31,740","31,380","31,740","31,190","550,85K","1,18%"
"20.04.2023","31,370","31,370","31,480","31,190","454,91K","-0,06%"
"19.04.2023","31,390","30,960","31,480","30,900","826,74K","1,00%"
"18.04.2023","31,080","30,850","31,110","30,760","522,69K","0,75%"
"17.04.2023","30,850","30,690","31,020","30,620","559,15K","0,49%"
"14.04.2023","30,700","30,200","30,720","30,050","622,54K","1,79%"
"13.04.2023","30,160","29,910","30,160","29,810","476,25K","0,80%"
"12.04.2023","29,920","29,290","29,950","29,290","428,42K","1,87%"
"11.04.2023","29,370","29,520","29,740","29,230","432,55K","-0,14%"
"06.04.2023","29,410","29,550","29,590","29,320","288,08K","-0,61%"
"05.04.2023","29,590","29,460","29,750","29,410","598,47K","0,27%"
"04.04.2023","29,510","29,500","29,670","29,330","408,35K","0,34%"
"03.04.2023","29,410","29,420","29,520","29,150","481,30K","0,20%"
"31.03.2023","29,350","29,190","29,490","29,180","673,52K","0,69%"
"30.03.2023","29,150","28,890","29,250","28,770","482,44K","1,50%"
"29.03.2023","28,720","28,270","28,750","28,160","384,93K","2,24%"
"28.03.2023","28,090","28,160","28,350","27,950","401,55K","0,11%"
"27.03.2023","28,060","28,310","28,390","28,020","421,27K","-0,07%"
"24.03.2023","28,080","28,400","28,730","27,760","986,42K","-3,14%"
"23.03.2023","28,990","28,990","29,050","28,680","351,47K","0,00%"
"22.03.2023","28,990","29,100","29,120","28,930","423,45K","-0,45%"
"21.03.2023","29,120","28,800","29,290","28,700","629,39K","1,93%"
"20.03.2023","28,570","27,990","28,590","27,500","547,87K","1,46%"
"17.03.2023","28,160","28,670","28,730","27,790","4,33M","-1,09%"
"16.03.2023","28,470","28,310","28,630","27,930","697,97K","1,57%"
"15.03.2023","28,030","28,800","28,900","28,030","843,64K","-2,37%"
"14.03.2023","28,710","28,000","28,890","28,000","871,80K","2,54%"
"13.03.2023","28,000","28,210","28,280","27,210","1,03M","-0,92%"
"10.03.2023","28,260","28,210","28,280","27,920","578,13K","-1,02%"
"09.03.2023","28,550","28,910","28,950","28,480","450,92K","-1,28%"
"08.03.2023","28,920","28,650","28,930","28,630","816,21K","0,70%"
"07.03.2023","28,720","28,700","28,860","28,600","548,16K","0,07%"
"06.03.2023","28,700","28,790","28,830","28,610","388,60K","-0,10%"
"03.03.2023","28,730","28,650","28,810","28,560","493,87K","0,56%"
"02.03.2023","28,570","28,880","28,890","28,540","666,03K","-1,07%"
"01.03.2023","28,880","28,630","28,980","28,460","861,07K","0,77%"
"28.02.2023","28,660","28,210","28,990","27,920","2,04M","1,99%"
"27.02.2023","28,100","28,030","28,220","27,980","362,56K","0,61%"
"24.02.2023","27,930","27,750","28,200","27,750","877,35K","0,61%"
"23.02.2023","27,760","26,720","27,760","26,570","1,05M","3,85%"
"22.02.2023","26,730","26,870","26,940","26,570","527,03K","-1,04%"
"21.02.2023","27,010","27,020","27,090","26,710","501,93K","-0,33%"
"20.02.2023","27,100","27,570","27,590","27,020","295,28K","-1,38%"
"17.02.2023","27,480","27,220","27,480","27,060","579,18K","0,51%"
"16.02.2023","27,340","27,500","27,540","27,190","322,01K","-0,29%"
"15.02.2023","27,420","27,450","27,540","27,330","712,07K","0,15%"
"14.02.2023","27,380","27,240","27,620","27,230","558,66K","1,00%"
"13.02.2023","27,110","27,160","27,190","26,950","719,93K","0,33%"
"10.02.2023","27,020","27,310","27,380","26,960","513,14K","-1,24%"
"09.02.2023","27,360","27,510","27,690","27,280","343,13K","0,15%"
"08.02.2023","27,320","27,360","27,530","27,240","464,39K","0,33%"
"07.02.2023","27,230","27,260","27,570","27,130","583,98K","-0,11%"
"06.02.2023","27,260","27,860","27,860","27,260","693,51K","-2,54%"
"03.02.2023","27,970","27,670","27,970","27,590","746,62K","0,76%"
"02.02.2023","27,760","27,380","27,920","27,360","690,70K","1,46%"
"01.02.2023","27,360","27,200","27,390","27,040","528,63K","0,81%"
"31.01.2023","27,140","27,030","27,140","26,860","775,66K","0,41%"
"30.01.2023","27,030","27,030","27,170","26,860","586,43K","-0,18%"
"27.01.2023","27,080","27,050","27,090","26,860","486,48K","0,11%"
"26.01.2023","27,050","27,070","27,180","26,910","387,29K","0,33%"
"25.01.2023","26,960","27,080","27,280","26,930","572,30K","-0,07%"
"24.01.2023","26,980","27,000","27,140","26,880","517,12K","0,07%"
"23.01.2023","26,960","27,390","27,390","26,840","1,10M","-2,25%"
"20.01.2023","27,580","27,660","27,710","27,500","509,27K","0,02%"
"19.01.2023","27,575","27,978","28,007","27,427","702,14K","-1,54%"
"18.01.2023","28,007","28,007","28,155","27,958","559,25K","0,21%"
"17.01.2023","27,948","27,978","28,115","27,840","431,71K","-0,14%"
"16.01.2023","27,987","27,919","28,135","27,879","342,73K","0,57%"
"13.01.2023","27,830","28,007","28,056","27,791","547,63K","-0,63%"
"12.01.2023","28,007","27,447","28,017","27,378","543,55K","1,79%"
"11.01.2023","27,516","27,811","27,968","27,496","489,98K","-0,82%"
"10.01.2023","27,742","27,879","27,879","27,545","360,14K","-0,63%"
"09.01.2023","27,919","27,506","27,987","27,427","578,96K","1,79%"
"06.01.2023","27,427","27,034","27,427","27,014","365,42K","1,60%"
"05.01.2023","26,995","26,788","27,014","26,739","374,16K","0,37%"
"04.01.2023","26,896","26,867","26,945","26,700","353,96K","0,51%"
"03.01.2023","26,759","26,739","26,955","26,542","399,81K","0,18%"
"02.01.2023","26,709","26,424","26,709","26,326","201,94K","1,49%"
"30.12.2022","26,316","26,483","26,631","26,257","472,02K","-0,82%"
"29.12.2022","26,533","26,424","26,582","26,287","415,72K","0,41%"
"28.12.2022","26,424","26,533","26,651","26,424","360,91K","-0,30%"
"27.12.2022","26,503","26,552","26,690","26,464","301,16K","0,07%"
"23.12.2022","26,483","26,326","26,513","26,247","335,37K","0,67%"
"22.12.2022","26,306","26,326","26,444","26,198","414,84K","0,19%"
"21.12.2022","26,257","25,903","26,287","25,766","481,66K","1,83%"
"20.12.2022","25,785","25,559","25,815","25,441","506,99K","0,38%"
"19.12.2022","25,687","25,726","25,933","25,658","651,41K","0,04%"
"16.12.2022","25,677","26,120","26,139","25,402","1,66M","-1,77%"
"15.12.2022","26,139","26,306","26,621","26,041","804,86K","-1,23%"
"14.12.2022","26,464","26,493","26,621","26,208","517,01K","-0,44%"
"13.12.2022","26,582","26,601","26,739","26,375","843,46K","-0,04%"
"12.12.2022","26,592","26,641","26,778","26,474","485,42K","-0,77%"
"09.12.2022","26,798","26,493","26,808","26,493","611,68K","1,15%"
"08.12.2022","26,493","26,719","26,798","26,474","396,60K","-0,96%"
"07.12.2022","26,749","26,719","26,827","26,592","388,32K","-0,07%"
"06.12.2022","26,768","26,660","26,896","26,552","459,73K","0,22%"
"05.12.2022","26,709","26,778","26,818","26,601","503,59K","-0,48%"
"02.12.2022","26,837","26,631","26,837","26,542","500,02K","0,52%"
"01.12.2022","26,700","26,641","27,014","26,306","729,95K","0,37%"
"30.11.2022","26,601","26,523","26,601","26,198","2,97M","0,86%"
"29.11.2022","26,375","26,002","26,533","25,962","638,92K","1,25%"
"28.11.2022","26,051","26,051","26,257","26,002","516,89K","-0,30%"
"25.11.2022","26,129","26,228","26,336","25,903","946,04K","-2,32%"
"24.11.2022","26,749","26,523","26,778","26,523","381,84K","0,89%"
"23.11.2022","26,513","26,444","26,690","26,316","463,13K","0,26%"
"22.11.2022","26,444","26,247","26,631","26,169","708,13K","1,13%"
"21.11.2022","26,149","25,736","26,267","25,717","549,52K","0,57%"
"18.11.2022","26,002","25,854","26,021","25,628","380,12K","1,42%"
"17.11.2022","25,638","25,844","25,943","25,432","507,77K","-0,50%"
"16.11.2022","25,766","26,129","26,159","25,549","677,45K","-1,09%"
"15.11.2022","26,051","25,756","26,100","25,648","860,41K","1,26%"
"14.11.2022","25,726","25,766","25,903","25,520","642,24K","-0,15%"
"11.11.2022","25,766","25,314","25,776","24,881","927,65K","-0,23%"
"10.11.2022","25,825","25,559","25,884","25,412","561,16K","0,92%"
"09.11.2022","25,589","25,422","25,638","25,382","451,38K","0,31%"
"08.11.2022","25,510","25,333","25,648","25,205","418,67K","0,27%"
"07.11.2022","25,441","25,382","25,520","25,087","573,85K","0,50%"
"04.11.2022","25,314","25,255","25,500","24,871","368,30K","0,70%"
"03.11.2022","25,137","25,314","25,471","24,969","403,61K","-1,31%"
"02.11.2022","25,471","25,559","25,776","25,264","1,21M","-0,15%"
"01.11.2022","25,510","25,766","25,844","25,284","438,37K","0,00%"
"31.10.2022","25,510","25,235","25,510","24,979","551,69K","1,25%"
"28.10.2022","25,196","24,920","25,274","24,635","416,63K","0,35%"
"27.10.2022","25,107","24,694","25,166","24,498","702,85K","1,27%"
"26.10.2022","24,793","24,281","24,881","24,272","970,53K","2,06%"
"25.10.2022","24,291","23,927","24,291","23,878","670,59K","1,81%"
"24.10.2022","23,859","23,524","23,996","23,524","736,56K","2,32%"
"21.10.2022","23,318","22,994","23,367","22,935","419,45K","0,51%"
"20.10.2022","23,200","23,446","23,515","23,131","516,13K","-1,01%"
"19.10.2022","23,436","23,357","23,554","23,249","457,27K","0,55%"
"18.10.2022","23,308","22,994","23,387","22,689","626,94K","2,42%"
"17.10.2022","22,758","22,325","22,954","22,305","548,25K","2,12%"
"14.10.2022","22,286","22,364","22,581","22,148","694,35K","0,89%"
"13.10.2022","22,089","21,794","22,099","21,647","545,27K","0,76%"
"12.10.2022","21,922","22,256","22,256","21,824","664,23K","-0,80%"
"11.10.2022","22,099","21,863","22,237","21,755","436,28K","0,54%"
"10.10.2022","21,981","22,217","22,256","21,696","664,41K","-1,89%"
"07.10.2022","22,404","22,551","22,748","22,394","405,17K","-1,04%"
"06.10.2022","22,640","23,161","23,229","22,541","504,81K","-1,62%"
"05.10.2022","23,013","23,072","23,151","22,817","367,17K","-1,18%"
"04.10.2022","23,288","22,856","23,406","22,817","735,32K","2,78%"
"03.10.2022","22,659","22,502","22,807","22,384","494,29K","-0,35%"
"30.09.2022","22,738","22,335","22,846","22,276","746,36K","2,30%"
"29.09.2022","22,227","22,148","22,355","21,834","956,22K","0,13%"
"28.09.2022","22,197","21,627","22,197","21,499","882,78K","1,80%"
"27.09.2022","21,804","21,765","21,981","21,568","797,94K","0,59%"
"26.09.2022","21,676","21,598","21,922","21,431","628,14K","-0,36%"
"23.09.2022","21,755","22,128","22,197","21,568","565,30K","-1,73%"
"22.09.2022","22,138","21,932","22,138","21,902","629,12K","-0,44%"
"21.09.2022","22,237","21,922","22,286","21,863","540,84K","1,25%"
"20.09.2022","21,961","22,512","22,708","21,932","516,65K","-2,15%"
"19.09.2022","22,443","22,433","22,522","22,109","6,15M","-0,39%"
"16.09.2022","22,532","22,718","22,718","22,384","1,40M","-1,59%"
"15.09.2022","22,895","22,561","22,944","22,551","500,06K","1,30%"
"14.09.2022","22,600","22,610","22,915","22,532","532,45K","-0,22%"
"13.09.2022","22,649","23,112","23,210","22,551","531,70K","-2,00%"
"12.09.2022","23,112","22,807","23,269","22,748","430,73K","2,17%"
"09.09.2022","22,620","22,217","22,699","22,217","390,94K","2,04%"
"08.09.2022","22,168","22,394","22,433","21,942","415,82K","-0,31%"
"07.09.2022","22,237","21,814","22,345","21,804","464,22K","1,03%"
"06.09.2022","22,011","21,942","22,217","21,883","374,34K","-0,13%"
"05.09.2022","22,040","21,745","22,099","21,706","337,45K","-0,88%"
"02.09.2022","22,237","22,197","22,335","21,912","411,75K","1,03%"
"01.09.2022","22,011","21,607","22,020","21,578","601,96K","0,81%"
"31.08.2022","21,834","21,873","21,981","21,568","1,09M","-0,31%"
"30.08.2022","21,902","22,069","22,315","21,883","545,17K","-0,27%"
"29.08.2022","21,961","21,843","22,060","21,578","572,80K","-0,36%"
"26.08.2022","22,040","22,453","22,610","21,971","501,82K","-1,19%"
"25.08.2022","22,305","22,620","22,689","22,305","388,95K","-0,83%"
"24.08.2022","22,492","22,640","22,659","22,286","468,44K","-0,87%"
"23.08.2022","22,689","22,600","22,817","22,512","392,18K","0,13%"
"22.08.2022","22,659","23,288","23,347","22,453","853,99K","-3,48%"
"19.08.2022","23,475","23,623","23,642","23,357","371,93K","-0,83%"
"18.08.2022","23,672","23,633","23,809","23,544","251,24K","0,00%"
"17.08.2022","23,672","24,045","24,104","23,495","540,50K","-1,71%"
"16.08.2022","24,085","23,751","24,085","23,721","399,11K","1,53%"
"15.08.2022","23,721","23,701","23,760","23,593","242,11K","0,63%"
"12.08.2022","23,574","23,544","23,741","23,534","442,03K","0,25%"
"11.08.2022","23,515","23,652","23,829","23,515","511,53K","-0,25%"
"10.08.2022","23,574","23,397","23,583","23,288","396,54K","0,29%"
"09.08.2022","23,505","23,131","23,642","23,013","598,42K","1,87%"
"08.08.2022","23,072","22,954","23,229","22,905","374,17K","1,43%"
"05.08.2022","22,748","22,718","22,954","22,649","476,40K","-0,34%"
"04.08.2022","22,826","22,797","22,885","22,708","453,13K","-0,04%"
"03.08.2022","22,836","22,640","23,013","22,640","481,19K","0,61%"
"02.08.2022","22,699","22,305","22,777","22,286","526,15K","1,32%"
"01.08.2022","22,404","23,013","23,062","22,404","677,51K","-2,65%"
"29.07.2022","23,013","22,591","23,190","22,453","14,81M","3,63%"
"28.07.2022","22,207","22,492","22,492","22,148","516,65K","-0,83%"
"27.07.2022","22,394","22,187","22,414","22,119","461,41K","1,20%"
"26.07.2022","22,128","22,187","22,217","21,883","420,96K","-0,04%"
"25.07.2022","22,138","21,804","22,178","21,794","396,52K","1,35%"
"22.07.2022","21,843","21,391","21,843","21,391","356,83K","2,02%"
"21.07.2022","21,411","21,332","21,627","21,175","883,83K","0,00%"
"20.07.2022","21,411","21,794","21,853","21,352","1,16M","-1,09%"
"19.07.2022","21,647","21,293","21,863","21,283","1,29M","1,15%"
"18.07.2022","21,401","21,480","21,509","21,303","391,39K","0,74%"
"15.07.2022","21,244","20,762","21,322","20,762","626,75K","2,56%"
"14.07.2022","20,713","20,880","20,939","20,497","686,26K","-0,99%"
"13.07.2022","20,919","21,136","21,155","20,811","590,58K","-1,85%"
"12.07.2022","21,313","21,008","21,401","21,008","535,11K","0,88%"
"11.07.2022","21,126","21,116","21,254","21,018","723,59K","-0,92%"
"08.07.2022","21,322","20,968","21,480","20,841","690,08K","1,78%"
"07.07.2022","20,949","20,418","20,949","20,339","843,25K","2,50%"
"06.07.2022","20,438","20,644","20,782","20,418","911,07K","-0,53%"
"05.07.2022","20,546","21,440","21,470","20,506","1,18M","-4,00%"
"04.07.2022","21,401","21,421","21,470","21,214","547,87K","0,83%"
"01.07.2022","21,224","21,352","21,411","21,096","973,99K","-0,44%"
"30.06.2022","21,317","21,612","21,658","20,957","1,19M","-1,57%"
"29.06.2022","21,658","21,704","21,944","21,621","676,64K","-1,34%"
"28.06.2022","21,953","21,778","22,137","21,778","603,07K","1,49%"
"27.06.2022","21,630","21,962","22,109","21,409","887,94K","-1,39%"
"24.06.2022","21,934","21,741","21,999","21,603","550,00K","1,23%"
"23.06.2022","21,667","21,741","21,907","21,492","566,51K","-0,89%"
"22.06.2022","21,861","22,192","22,248","21,510","951,27K","-2,10%"
"21.06.2022","22,331","22,764","22,801","22,331","713,17K","-1,06%"
"20.06.2022","22,570","22,782","22,810","22,358","548,18K","0,00%"
"17.06.2022","22,570","22,165","22,884","22,091","2,35M","2,13%"
"16.06.2022","22,100","22,119","22,367","22,054","493,00K","-0,50%"
"15.06.2022","22,211","22,450","22,616","22,146","867,83K","0,33%"
"14.06.2022","22,137","22,487","22,598","22,063","1,13M","-1,36%"
"13.06.2022","22,441","22,967","23,040","22,321","823,39K","-3,83%"
"10.06.2022","23,335","23,501","23,768","23,077","791,13K","-1,25%"
"09.06.2022","23,630","24,469","24,524","23,280","1,58M","-4,36%"
"08.06.2022","24,708","24,699","24,828","24,358","532,21K","-0,33%"
"07.06.2022","24,791","24,570","24,810","24,570","585,50K","0,19%"
"06.06.2022","24,745","24,653","24,773","24,570","339,30K","1,21%"
"03.06.2022","24,450","24,570","24,681","24,377","315,64K","0,30%"
"02.06.2022","24,377","24,312","24,570","24,201","403,21K","0,46%"
"01.06.2022","24,266","24,736","24,736","24,165","490,28K","-0,27%"
"31.05.2022","24,331","24,533","24,791","24,331","2,05M","-1,09%"
"30.05.2022","24,598","24,515","24,754","24,469","508,03K","0,34%"
"27.05.2022","24,515","24,238","24,635","24,229","768,80K","1,14%"
"26.05.2022","24,238","23,916","24,312","23,842","769,53K","1,70%"
"25.05.2022","23,833","23,584","23,860","23,584","535,44K","0,27%"
"24.05.2022","23,768","23,519","23,768","23,344","460,82K","0,27%"
"23.05.2022","23,704","23,741","23,796","23,464","543,10K","1,14%"
"20.05.2022","23,437","23,483","23,814","23,344","676,49K","1,07%"
"19.05.2022","23,188","23,390","23,455","23,022","709,13K","-1,33%"
"18.05.2022","23,501","23,160","23,713","23,160","927,97K","1,63%"
"17.05.2022","23,123","22,718","23,206","22,718","649,17K","2,03%"
"16.05.2022","22,662","22,441","22,893","22,395","557,80K","1,15%"
"13.05.2022","22,404","22,257","22,487","22,119","744,72K","-0,33%"
"12.05.2022","22,478","22,266","22,718","22,229","670,05K","-0,89%"
"11.05.2022","22,681","22,082","22,681","22,073","546,08K","2,97%"
"10.05.2022","22,026","22,119","22,404","21,916","715,82K","1,10%"
"09.05.2022","21,787","22,156","22,460","21,787","788,98K","-2,39%"
"06.05.2022","22,321","22,524","22,570","22,238","689,30K","-0,74%"
"05.05.2022","22,487","22,948","23,031","22,487","850,11K","-0,08%"
"04.05.2022","22,506","22,819","22,920","22,497","402,36K","-1,13%"
"03.05.2022","22,764","22,469","22,838","22,395","598,73K","2,02%"
"02.05.2022","22,312","22,533","22,635","21,197","726,43K","-1,55%"
"29.04.2022","22,662","23,022","23,040","22,644","917,83K","-1,05%"
"28.04.2022","22,902","22,920","23,252","22,644","1,12M","0,77%"
"27.04.2022","22,727","22,626","23,013","22,340","986,25K","0,08%"
"26.04.2022","22,708","22,607","23,123","22,607","900,18K","1,15%"
"25.04.2022","22,450","22,294","22,644","22,192","675,78K","-0,81%"
"22.04.2022","22,635","22,764","22,967","22,635","2,63M","-1,64%"
"21.04.2022","23,013","23,003","23,178","22,911","1,17M","0,20%"
"20.04.2022","22,967","22,911","23,031","22,801","524,48K","0,73%"
"19.04.2022","22,801","22,902","23,013","22,773","669,95K","-0,68%"
"14.04.2022","22,957","22,985","23,132","22,782","579,29K","0,52%"
"13.04.2022","22,838","22,607","22,994","22,570","593,47K","0,81%"
"12.04.2022","22,653","22,294","22,755","22,165","569,72K","0,37%"
"11.04.2022","22,570","22,183","22,616","22,165","708,11K","1,74%"
"08.04.2022","22,183","21,971","22,248","21,870","762,40K","2,21%"
"07.04.2022","21,704","21,575","22,183","21,575","1,03M","0,38%"
"06.04.2022","21,621","22,432","22,616","21,547","1,36M","-3,81%"
"05.04.2022","22,478","22,469","22,561","22,183","954,05K","0,62%"
"04.04.2022","22,340","22,782","22,828","22,248","820,30K","-1,42%"
"01.04.2022","22,662","22,579","22,847","22,414","513,89K","0,37%"
"31.03.2022","22,579","22,838","22,957","22,478","803,55K","-0,77%"
"30.03.2022","22,755","22,810","23,123","22,616","776,13K","-0,96%"
"29.03.2022","22,976","22,976","23,132","22,810","954,78K","0,93%"
"28.03.2022","22,764","22,755","23,031","22,699","657,62K","0,32%"
"25.03.2022","22,690","22,847","22,847","22,543","470,95K","0,16%"
"24.03.2022","22,653","22,561","22,847","22,543","662,00K","0,82%"
"23.03.2022","22,469","22,662","22,976","22,469","715,21K","-1,18%"
"22.03.2022","22,736","22,441","22,736","22,312","734,41K","2,20%"
"21.03.2022","22,248","22,119","22,469","22,017","1,27M","0,17%"
"18.03.2022","22,211","22,801","22,810","22,211","6,08M","-2,19%"
"17.03.2022","22,708","22,598","22,764","22,414","1,07M","0,98%"
"16.03.2022","22,487","22,395","22,736","22,303","1,59M","1,75%"
"15.03.2022","22,100","21,842","22,294","21,695","1,25M","0,29%"
"14.03.2022","22,036","21,824","22,183","21,759","1,50M","2,44%"
"11.03.2022","21,510","21,077","21,861","21,068","1,26M","2,59%"
"10.03.2022","20,967","20,930","21,234","20,718","997,23K","0,18%"
"09.03.2022","20,930","20,598","21,188","20,451","1,54M","4,61%"
"08.03.2022","20,008","19,087","20,395","18,893","1,47M","4,37%"
"07.03.2022","19,169","19,133","19,520","18,289","1,86M","-2,21%"
"04.03.2022","19,603","20,073","20,156","19,575","1,65M","-3,32%"
"03.03.2022","20,275","20,570","20,801","20,091","1,38M","-1,65%"
"02.03.2022","20,616","19,649","20,773","19,492","1,76M","4,14%"
"01.03.2022","19,796","20,027","20,358","19,704","1,40M","-1,56%"
"28.02.2022","20,110","19,621","20,110","19,446","2,79M","-0,09%"
"25.02.2022","20,128","20,091","20,368","19,206","1,65M","3,26%"
"24.02.2022","19,492","19,225","19,971","19,031","2,21M","-3,95%"
"23.02.2022","20,294","20,091","20,616","19,898","1,17M","1,24%"
"22.02.2022","20,045","19,667","20,248","19,381","1,32M","-0,91%"
"21.02.2022","20,229","20,653","20,810","20,165","782,54K","-1,66%"
"18.02.2022","20,570","20,663","20,976","20,451","930,33K","-0,49%"
"17.02.2022","20,672","20,847","20,985","20,580","664,68K","-0,44%"
"16.02.2022","20,764","20,672","20,930","20,598","618,34K","1,08%"
"15.02.2022","20,543","20,091","20,589","20,036","756,52K","1,50%"
"14.02.2022","20,239","20,322","20,404","19,851","1,35M","-2,83%"
"11.02.2022","20,828","20,736","20,847","20,570","756,30K","-0,48%"
"10.02.2022","20,930","21,031","21,225","20,755","1,10M","-0,61%"
"09.02.2022","21,059","20,709","21,096","20,653","756,19K","2,60%"
"08.02.2022","20,524","20,368","20,672","20,340","1,74M","0,95%"
"07.02.2022","20,331","20,819","20,874","20,331","1,31M","-1,56%"
"04.02.2022","20,653","21,151","21,179","20,524","725,14K","-1,49%"
"03.02.2022","20,967","20,801","21,133","20,663","4,36M","1,47%"
"02.02.2022","20,663","20,838","20,911","20,663","904,17K","-0,58%"
"01.02.2022","20,782","20,690","20,856","20,598","4,21M","1,17%"
"31.01.2022","20,543","20,764","20,792","20,469","856,17K","0,18%"
"28.01.2022","20,506","20,874","20,939","20,358","1,06M","-2,11%"
"27.01.2022","20,948","20,773","21,151","20,672","1,98M","-0,48%"
"26.01.2022","21,050","20,865","21,354","20,838","692,16K","1,56%"
"25.01.2022","20,727","20,957","21,013","20,515","986,86K","0,04%"
"24.01.2022","20,718","21,169","21,243","20,441","1,45M","-2,73%"
"21.01.2022","21,298","21,013","21,298","20,911","1,12M","0,17%"
"20.01.2022","21,262","21,050","21,455","21,050","854,53K","1,01%"
"19.01.2022","21,050","21,676","21,695","20,663","2,08M","-3,63%"
"18.01.2022","21,842","22,036","22,100","21,768","903,94K","-1,54%"
"17.01.2022","22,183","22,285","22,331","22,109","601,86K","0,33%"
"14.01.2022","22,109","22,285","22,285","21,971","948,96K","-0,69%"
"13.01.2022","22,263","22,471","22,471","22,263","1,12M","-0,73%"
"12.01.2022","22,426","22,471","22,525","22,164","1,07M","0,40%"
"11.01.2022","22,335","22,019","22,335","21,920","1,05M","2,23%"
"10.01.2022","21,848","21,558","22,218","21,531","3,67M","1,90%"
"07.01.2022","21,441","21,586","21,586","21,251","6,84M","-0,46%"
"06.01.2022","21,540","21,233","21,667","21,062","960,93K","-0,13%"
"05.01.2022","21,567","21,531","21,676","21,459","752,20K","0,17%"
"04.01.2022","21,531","21,577","21,766","21,513","978,43K","0,80%"
"03.01.2022","21,360","21,324","21,522","21,206","1,79M","0,30%"
"30.12.2021","21,296","20,980","21,305","20,980","707,67K","1,07%"
"29.12.2021","21,071","20,980","21,134","20,899","551,35K","0,60%"
"28.12.2021","20,944","20,881","21,116","20,872","459,26K","0,30%"
"27.12.2021","20,881","20,628","20,953","20,619","589,29K","0,52%"
"23.12.2021","20,772","20,420","20,827","20,420","689,73K","2,31%"
"22.12.2021","20,303","19,941","20,420","19,905","844,81K","1,54%"
"21.12.2021","19,995","19,724","20,068","19,670","705,53K","2,64%"
"20.12.2021","19,480","19,047","19,553","18,595","1,63M","-0,87%"
"17.12.2021","19,652","19,363","19,769","19,336","1,31M","0,65%"
"16.12.2021","19,525","19,363","19,607","19,336","710,52K","2,27%"
"15.12.2021","19,092","19,209","19,309","19,047","638,27K","-0,80%"
"14.12.2021","19,245","19,191","19,336","19,155","676,21K","0,61%"
"13.12.2021","19,128","19,417","19,580","19,119","721,38K","-1,26%"
"10.12.2021","19,372","19,291","19,516","19,245","546,78K","0,14%"
"09.12.2021","19,345","19,625","19,670","19,300","696,69K","-1,38%"
"08.12.2021","19,616","19,833","19,923","19,345","1,80M","-1,41%"
"07.12.2021","19,896","20,004","20,185","19,896","960,60K","0,87%"
"06.12.2021","19,724","19,471","19,833","19,300","548,91K","2,25%"
"03.12.2021","19,291","19,553","19,688","19,209","948,14K","-0,65%"
"02.12.2021","19,417","19,218","19,489","19,101","711,38K","-0,74%"
"01.12.2021","19,562","19,282","19,842","19,236","884,67K","2,07%"
"30.11.2021","19,164","19,245","19,498","18,992","1,77M","-1,53%"
"29.11.2021","19,462","19,191","19,507","19,001","1,22M","2,47%"
"26.11.2021","18,992","19,688","19,688","18,956","1,83M","-6,16%"
"25.11.2021","20,239","20,149","20,312","19,950","696,09K","0,40%"
"24.11.2021","20,158","20,167","20,293","19,959","685,15K","0,18%"
"23.11.2021","20,122","19,607","20,221","19,435","782,66K","1,78%"
"22.11.2021","19,769","19,760","19,932","19,327","1,11M","0,69%"
"19.11.2021","19,634","20,339","20,411","19,580","1,42M","-3,21%"
"18.11.2021","20,284","20,691","20,691","20,239","721,82K","-1,75%"
"17.11.2021","20,646","20,872","20,953","20,583","1,79M","-1,17%"
"16.11.2021","20,890","21,179","21,242","20,890","636,58K","-1,45%"
"15.11.2021","21,197","20,881","21,269","20,827","755,64K","1,21%"
"12.11.2021","20,944","21,333","21,333","20,556","614,94K","0,48%"
"11.11.2021","20,845","21,080","21,324","20,809","1,30M","-1,24%"
"10.11.2021","21,107","20,962","21,278","20,962","621,67K","0,65%"
"09.11.2021","20,971","20,908","21,197","20,908","628,13K","0,39%"
"08.11.2021","20,890","21,025","21,116","20,736","898,55K","-0,82%"
"05.11.2021","21,062","20,077","21,098","20,013","1,21M","4,72%"
"04.11.2021","20,113","20,483","20,700","20,113","2,74M","-1,02%"
"03.11.2021","20,321","20,510","20,628","20,194","735,72K","-1,01%"
"02.11.2021","20,528","20,781","20,809","20,528","637,54K","-1,30%"
"01.11.2021","20,799","20,646","20,962","20,601","621,15K","1,72%"
"29.10.2021","20,447","20,537","20,556","20,339","669,87K","0,00%"
"28.10.2021","20,447","20,483","20,565","20,194","2,32M","-0,31%"
"27.10.2021","20,510","20,809","20,998","20,474","725,83K","-1,26%"
"26.10.2021","20,772","20,809","20,944","20,673","1,16M","0,83%"
"25.10.2021","20,601","20,772","20,781","20,375","935,83K","-1,13%"
"22.10.2021","20,836","20,944","21,062","20,727","734,47K","0,04%"
"21.10.2021","20,827","20,700","21,043","20,565","1,05M","0,22%"
"20.10.2021","20,781","20,402","20,790","20,348","1,33M","1,77%"
"19.10.2021","20,420","20,303","20,492","20,239","613,62K","0,85%"
"18.10.2021","20,248","20,537","20,592","20,185","762,70K","-1,41%"
"15.10.2021","20,537","20,330","20,574","20,230","1,12M","1,97%"
"14.10.2021","20,140","20,348","20,456","20,077","1,49M","-0,04%"
"13.10.2021","20,149","20,275","20,275","20,077","638,96K","-0,67%"
"12.10.2021","20,284","20,221","20,348","20,113","2,02M","-0,31%"
"11.10.2021","20,348","20,483","20,601","20,275","1,31M","-1,05%"
"08.10.2021","20,565","20,519","20,646","20,438","660,07K","0,13%"
"07.10.2021","20,537","20,393","20,682","20,330","741,57K","1,43%"
"06.10.2021","20,248","20,429","20,447","19,950","1,15M","-1,84%"
"05.10.2021","20,628","20,962","20,962","20,393","1,28M","-1,38%"
"04.10.2021","20,917","21,007","21,188","20,917","966,93K","-0,39%"
"01.10.2021","20,998","20,872","21,170","20,673","1,03M","-0,90%"
"30.09.2021","21,188","21,577","21,667","21,107","1,05M","-0,72%"
"29.09.2021","21,342","21,233","21,486","21,143","965,80K","0,55%"
"28.09.2021","21,224","21,640","21,974","21,179","1,92M","-1,96%"
"27.09.2021","21,649","21,405","21,929","21,342","1,01M","2,22%"
"24.09.2021","21,179","21,143","21,333","21,143","840,60K","-0,09%"
"23.09.2021","21,197","21,188","21,387","21,107","498,95K","0,60%"
"22.09.2021","21,071","20,664","21,224","20,664","634,81K","2,78%"
"21.09.2021","20,501","20,438","20,872","20,402","655,00K","0,75%"
"20.09.2021","20,348","20,393","20,429","19,833","1,30M","-1,23%"
"17.09.2021","20,601","21,025","21,071","20,601","1,56M","-1,43%"
"16.09.2021","20,899","20,718","21,080","20,718","1,05M","1,14%"
"15.09.2021","20,664","21,089","21,134","20,637","631,99K","-2,06%"
"14.09.2021","21,098","21,224","21,387","20,980","540,79K","-0,21%"
"13.09.2021","21,143","20,501","21,260","20,483","687,60K","4,00%"
"10.09.2021","20,330","20,700","20,763","20,158","847,32K","-1,79%"
"09.09.2021","20,700","20,998","20,998","20,574","680,86K","-1,88%"
"08.09.2021","21,098","21,016","21,351","20,881","654,40K","-0,21%"
"07.09.2021","21,143","21,071","21,197","20,989","813,32K","0,52%"
"06.09.2021","21,034","21,089","21,233","20,989","335,06K","0,04%"
"03.09.2021","21,025","21,170","21,405","21,007","606,09K","-0,81%"
"02.09.2021","21,197","21,188","21,360","21,143","508,29K","-0,21%"
"01.09.2021","21,242","20,763","21,378","20,763","584,43K","2,84%"
"31.08.2021","20,655","20,646","20,836","20,510","994,21K","0,04%"
"30.08.2021","20,646","20,854","20,926","20,646","413,11K","-0,78%"
"27.08.2021","20,809","20,827","20,827","20,519","482,67K","0,13%"
"26.08.2021","20,781","20,691","20,944","20,646","1,31M","0,00%"
"25.08.2021","20,781","20,809","20,890","20,691","523,61K","0,22%"
"24.08.2021","20,736","20,781","20,836","20,601","400,58K","0,61%"
"23.08.2021","20,610","20,510","20,827","20,510","420,33K","0,62%"
"20.08.2021","20,483","20,528","20,592","20,348","510,79K","-0,35%"
"19.08.2021","20,556","20,583","20,836","20,239","765,21K","-2,02%"
"18.08.2021","20,980","20,727","21,089","20,691","412,86K","1,13%"
"17.08.2021","20,745","20,646","20,854","20,510","546,16K","-0,35%"
"16.08.2021","20,818","21,025","21,125","20,646","553,05K","-1,87%"
"13.08.2021","21,215","21,134","21,324","21,080","369,38K","1,03%"
"12.08.2021","20,998","20,899","21,143","20,899","371,95K","0,48%"
"11.08.2021","20,899","20,691","20,953","20,664","426,07K","1,63%"
"10.08.2021","20,565","20,501","20,646","20,384","421,80K","0,26%"
"09.08.2021","20,510","20,655","20,718","20,465","387,21K","-0,57%"
"06.08.2021","20,628","20,709","20,709","20,312","502,41K","-0,13%"
"05.08.2021","20,655","20,321","20,664","20,194","480,51K","1,60%"
"04.08.2021","20,330","20,601","20,601","20,248","332,62K","-0,27%"
"03.08.2021","20,384","20,474","20,510","20,239","438,37K","-0,13%"
"02.08.2021","20,411","20,330","20,655","20,212","615,16K","1,94%"
"30.07.2021","20,022","20,230","20,348","19,914","997,70K","-1,60%"
"29.07.2021","20,348","20,528","20,772","20,185","1,35M","-0,44%"
"28.07.2021","20,438","20,041","20,727","19,932","1,13M","2,49%"
"27.07.2021","19,941","19,941","20,086","19,562","1,29M","-0,36%"
"26.07.2021","20,013","19,833","20,086","19,715","1,11M","0,59%"
"23.07.2021","19,896","19,878","20,113","19,778","1,01M","0,73%"
"22.07.2021","19,751","19,733","20,122","19,724","744,18K","0,88%"
"21.07.2021","19,580","19,056","19,742","18,974","827,44K","3,68%"
"20.07.2021","18,884","19,245","19,282","18,631","607,03K","0,43%"
"19.07.2021","18,803","19,318","19,318","18,568","1,06M","-3,25%"
"16.07.2021","19,435","19,607","19,815","19,191","677,15K","-0,32%"
"15.07.2021","19,498","19,896","19,896","19,390","630,34K","-2,44%"
"14.07.2021","19,986","20,031","20,185","19,833","549,16K","-0,63%"
"13.07.2021","20,113","20,330","20,348","20,059","781,41K","-0,80%"
"12.07.2021","20,275","20,113","20,321","19,806","553,70K","1,45%"
"09.07.2021","19,986","19,715","20,086","19,625","687,36K","2,08%"
"08.07.2021","19,580","20,104","20,149","19,453","1,18M","-2,91%"
"07.07.2021","20,167","20,781","20,908","20,167","1,18M","-2,32%"
"06.07.2021","20,646","20,980","21,116","20,610","695,42K","-1,72%"
"05.07.2021","21,007","21,016","21,080","20,727","455,92K","0,13%"
"02.07.2021","20,980","20,872","21,260","20,818","774,31K","0,87%"
"01.07.2021","20,799","20,556","20,863","20,483","792,60K","1,90%"
"30.06.2021","20,411","20,402","20,546","20,113","958,12K","0,13%"
"29.06.2021","20,384","20,248","20,510","20,122","950,89K","1,08%"
"28.06.2021","20,167","20,601","20,781","20,167","1,09M","-2,06%"
"25.06.2021","20,592","20,655","20,809","20,492","1,24M","0,57%"
"24.06.2021","20,474","20,673","20,772","20,438","1,07M","0,27%"
"23.06.2021","20,420","20,781","20,790","20,420","915,59K","-1,48%"
"22.06.2021","20,727","21,125","21,125","20,655","1,08M","-3,22%"
"21.06.2021","21,418","21,523","21,884","21,286","1,05M","-0,25%"
"18.06.2021","21,471","21,814","21,814","21,216","2,06M","-1,21%"
"17.06.2021","21,735","22,175","22,307","21,735","1,41M","-2,06%"
"16.06.2021","22,192","22,597","22,641","22,175","815,31K","-1,25%"
"15.06.2021","22,474","22,641","22,694","22,421","8,71M","-0,12%"
"14.06.2021","22,500","22,483","22,729","22,439","1,64M","0,59%"
"11.06.2021","22,368","22,007","22,377","22,007","3,01M","1,64%"
"10.06.2021","22,007","22,333","22,359","21,999","1,07M","-1,07%"
"09.06.2021","22,245","22,307","22,430","22,210","832,14K","-0,12%"
"08.06.2021","22,271","22,280","22,359","22,095","669,24K","0,28%"
"07.06.2021","22,210","22,175","22,368","22,025","582,81K","0,40%"
"04.06.2021","22,122","22,791","22,791","22,104","914,10K","-2,06%"
"03.06.2021","22,588","22,623","22,632","22,307","523,33K","-0,16%"
"02.06.2021","22,623","22,659","22,843","22,465","499,45K","0,00%"
"01.06.2021","22,623","22,518","22,755","22,219","551,20K","0,82%"
"31.05.2021","22,439","22,359","22,755","22,342","432,99K","0,79%"
"28.05.2021","22,263","22,351","22,615","22,263","625,94K","0,28%"
"27.05.2021","22,201","22,298","22,509","22,104","1,99M","-0,47%"
"26.05.2021","22,307","22,606","22,703","22,307","636,14K","-0,71%"
"25.05.2021","22,465","22,923","22,958","22,465","729,95K","-1,54%"
"24.05.2021","22,817","22,879","22,949","22,738","343,82K","0,23%"
"21.05.2021","22,764","22,861","22,949","22,579","555,13K","-0,27%"
"20.05.2021","22,826","22,659","22,843","22,351","618,55K","1,09%"
"19.05.2021","22,579","23,099","23,116","22,456","1,03M","-2,80%"
"18.05.2021","23,231","23,512","23,512","23,160","586,75K","-0,75%"
"17.05.2021","23,407","23,583","24,005","23,398","507,94K","-0,11%"
"14.05.2021","23,433","23,407","23,820","22,984","1,47M","-1,22%"
"13.05.2021","23,723","24,014","24,014","23,389","845,09K","-2,53%"
"12.05.2021","24,339","24,225","24,366","24,049","560,08K","0,47%"
"11.05.2021","24,225","24,656","24,718","24,102","518,80K","-2,89%"
"10.05.2021","24,946","25,096","25,096","24,832","441,08K","-0,07%"
"07.05.2021","24,964","25,070","25,140","24,735","320,96K","0,18%"
"06.05.2021","24,920","24,594","24,920","24,568","540,14K","1,22%"
"05.05.2021","24,621","24,295","24,621","24,093","527,06K","2,75%"
"04.05.2021","23,961","23,882","24,797","23,882","645,11K","0,48%"
"03.05.2021","23,847","23,759","23,979","23,671","451,26K","-0,11%"
"30.04.2021","23,873","23,759","24,348","23,697","653,75K","0,22%"
"29.04.2021","23,820","24,058","24,172","23,697","980,22K","-0,62%"
"28.04.2021","23,970","24,199","24,199","23,943","467,72K","-0,73%"
"27.04.2021","24,146","24,023","24,163","23,741","542,57K","0,29%"
"26.04.2021","24,075","23,715","24,190","23,715","1,65M","1,18%"
"23.04.2021","23,794","23,820","24,014","23,609","1,03M","-0,62%"
"22.04.2021","23,943","23,935","24,199","23,794","861,36K","0,48%"
"21.04.2021","23,829","24,084","24,287","23,785","556,61K","-0,51%"
"20.04.2021","23,952","24,929","24,929","23,935","930,53K","-4,15%"
"19.04.2021","24,990","24,718","25,254","24,682","808,51K","1,21%"
"16.04.2021","24,691","24,304","24,718","24,163","1,73M","1,34%"
"15.04.2021","24,366","24,542","24,542","24,260","487,54K","-0,57%"
"14.04.2021","24,507","24,287","24,515","23,996","507,64K","1,05%"
"13.04.2021","24,251","24,313","24,638","23,820","873,83K","-0,33%"
"12.04.2021","24,331","24,463","24,498","24,172","452,77K","0,14%"
"09.04.2021","24,295","24,594","24,621","24,216","865,42K","-0,79%"
"08.04.2021","24,489","24,858","24,858","24,163","846,68K","-0,68%"
"07.04.2021","24,656","24,656","25,017","24,568","666,02K","0,36%"
"06.04.2021","24,568","25,131","25,158","24,542","640,87K","-1,06%"
"01.04.2021","24,832","24,999","25,087","24,410","1,09M","-0,14%"
"31.03.2021","24,867","24,383","25,008","24,331","1,64M","2,10%"
"30.03.2021","24,357","24,093","24,797","24,093","988,14K","2,67%"
"29.03.2021","23,723","23,539","23,908","23,433","525,64K","1,09%"
"26.03.2021","23,468","23,327","23,732","23,151","702,43K","1,33%"
"25.03.2021","23,160","23,143","23,187","22,623","545,70K","0,11%"
"24.03.2021","23,134","22,843","23,213","22,571","1,79M","1,12%"
"23.03.2021","22,879","23,239","23,354","22,738","867,09K","-1,89%"
"22.03.2021","23,319","23,785","23,785","23,125","1,47M","-2,21%"
"19.03.2021","23,847","24,216","24,216","23,671","1,20M","-2,34%"
"18.03.2021","24,419","24,234","24,445","23,935","2,45M","1,50%"
"17.03.2021","24,058","24,383","24,401","23,899","751,58K","-1,37%"
"16.03.2021","24,392","24,445","24,612","24,102","704,48K","0,47%"
"15.03.2021","24,278","23,917","24,726","23,908","1,36M","2,03%"
"12.03.2021","23,794","23,574","23,899","23,539","782,48K","0,82%"
"11.03.2021","23,600","23,864","23,987","23,459","735,80K","-1,58%"
"10.03.2021","23,979","23,671","24,084","23,565","716,38K","0,74%"
"09.03.2021","23,803","23,407","23,987","23,327","1,08M","2,23%"
"08.03.2021","23,283","23,336","23,477","22,905","707,75K","1,42%"
"05.03.2021","22,958","22,993","23,336","22,905","712,10K","-1,10%"
"04.03.2021","23,213","22,535","23,213","22,491","742,82K","2,17%"
"03.03.2021","22,720","23,336","23,415","22,571","1,10M","-2,38%"
"02.03.2021","23,275","23,407","23,688","23,231","655,70K","-0,04%"
"01.03.2021","23,283","22,518","23,433","22,500","1,13M","4,42%"
"26.02.2021","22,298","22,175","22,307","21,752","4,14M","-1,40%"
"25.02.2021","22,615","22,879","23,019","22,509","753,04K","-0,54%"
"24.02.2021","22,738","22,940","23,169","22,650","766,97K","-1,00%"
"23.02.2021","22,967","22,368","22,967","22,201","1,03M","2,68%"
"22.02.2021","22,368","22,043","22,386","21,805","2,24M","0,79%"
"19.02.2021","22,192","21,972","22,271","21,858","857,62K","1,00%"
"18.02.2021","21,972","22,113","22,386","21,919","2,42M","-1,11%"
"17.02.2021","22,219","22,465","22,483","22,095","706,74K","-1,52%"
"16.02.2021","22,562","23,081","23,081","22,447","532,11K","-1,95%"
"15.02.2021","23,011","22,711","23,072","22,535","2,39M","2,15%"
"12.02.2021","22,527","22,412","22,527","21,981","621,50K","0,08%"
"11.02.2021","22,509","22,051","22,597","21,981","786,76K","2,40%"
"10.02.2021","21,981","22,263","22,263","21,330","2,03M","-3,29%"
"09.02.2021","22,729","23,336","23,371","22,562","942,23K","-2,38%"
"08.02.2021","23,283","23,407","23,679","23,055","515,35K","0,00%"
"05.02.2021","23,283","23,275","23,935","23,266","1,04M","0,23%"
"04.02.2021","23,231","23,283","23,503","23,125","534,70K","-0,11%"
"03.02.2021","23,257","23,794","23,970","23,222","667,81K","-1,09%"
"02.02.2021","23,512","23,160","23,697","23,134","592,88K","1,95%"
"01.02.2021","23,063","22,879","23,063","22,720","590,57K","1,91%"
"29.01.2021","22,632","22,703","22,975","22,430","936,74K","-2,06%"
"28.01.2021","23,107","22,113","23,257","22,087","651,86K","3,10%"
"27.01.2021","22,412","22,967","23,134","22,113","1,36M","-2,97%"
"26.01.2021","23,099","22,879","23,547","22,879","564,33K","-0,83%"
"25.01.2021","23,292","23,864","23,926","23,011","983,79K","-1,96%"
"22.01.2021","23,759","23,855","23,855","23,407","1,21M","-0,73%"
"21.01.2021","23,933","24,981","25,189","23,924","1,20M","-4,26%"
"20.01.2021","24,998","25,128","25,328","24,964","606,48K","-0,31%"
"19.01.2021","25,076","25,302","25,362","24,869","763,38K","-0,31%"
"18.01.2021","25,154","24,920","25,154","24,678","684,00K","0,45%"
"15.01.2021","25,042","25,163","25,535","24,791","2,16M","-1,16%"
"14.01.2021","25,336","24,817","25,527","24,609","894,70K","2,09%"
"13.01.2021","24,817","25,232","25,241","24,704","1,96M","-1,65%"
"12.01.2021","25,232","24,470","25,293","24,340","2,47M","3,55%"
"11.01.2021","24,366","24,089","24,583","24,002","4,16M","1,15%"
"08.01.2021","24,089","24,210","24,435","24,028","595,27K","0,25%"
"07.01.2021","24,028","24,487","24,531","23,872","2,51M","-1,11%"
"06.01.2021","24,297","23,985","24,617","23,924","934,94K","2,19%"
"05.01.2021","23,777","23,205","23,786","23,171","513,42K","1,63%"
"04.01.2021","23,396","23,812","24,375","23,292","1,47M","-0,52%"
"31.12.2020","23,517","23,751","23,890","23,517","438,36K","-0,98%"
"30.12.2020","23,751","23,578","23,950","23,431","590,21K","0,73%"
"29.12.2020","23,578","23,812","23,959","23,509","473,06K","-0,40%"
"28.12.2020","23,673","23,829","23,985","23,595","390,68K","0,37%"
"24.12.2020","23,587","23,656","23,656","23,266","153,12K","-1,91%"
"23.12.2020","24,046","23,632","24,363","23,561","847,15K","2,63%"
"22.12.2020","23,429","23,315","23,588","23,086","575,08K","1,57%"
"21.12.2020","23,068","22,548","23,200","21,923","1,54M","-0,49%"
"18.12.2020","23,183","23,412","23,861","23,050","1,50M","-1,53%"
"17.12.2020","23,544","23,967","23,967","23,473","3,93M","-0,89%"
"16.12.2020","23,755","24,125","24,249","23,465","991,76K","-1,32%"
"15.12.2020","24,073","23,429","24,099","23,253","876,69K","3,02%"
"14.12.2020","23,368","23,764","24,169","23,235","823,16K","-0,60%"
"11.12.2020","23,509","23,359","23,517","22,821","717,87K","0,57%"
"10.12.2020","23,376","23,993","24,055","23,174","847,70K","-2,89%"
"09.12.2020","24,073","23,808","24,099","23,729","1,05M","2,02%"
"08.12.2020","23,597","23,826","23,923","23,429","396,33K","-1,25%"
"07.12.2020","23,896","24,231","24,319","23,773","590,08K","-1,45%"
"04.12.2020","24,249","23,517","24,407","23,420","881,78K","3,34%"
"03.12.2020","23,465","23,438","23,685","23,288","2,52M","-0,78%"
"02.12.2020","23,650","23,086","23,650","22,971","737,20K","1,74%"
"01.12.2020","23,244","23,517","23,958","23,094","671,81K","-0,42%"
"30.11.2020","23,341","23,561","23,879","23,094","1,34M","-1,23%"
"27.11.2020","23,632","23,791","23,905","23,403","539,11K","-1,00%"
"26.11.2020","23,870","24,619","24,619","23,870","1,74M","-2,83%"
"25.11.2020","24,566","24,645","24,839","23,896","1,78M","0,47%"
"24.11.2020","24,451","23,315","24,513","23,315","1,25M","5,31%"
"23.11.2020","23,218","22,663","23,218","22,654","704,11K","3,50%"
"20.11.2020","22,434","22,495","22,672","22,319","620,05K","-0,27%"
"19.11.2020","22,495","22,707","22,839","22,442","532,24K","-2,18%"
"18.11.2020","22,998","22,804","23,042","22,645","1,07M","0,58%"
"17.11.2020","22,865","22,760","22,901","22,363","896,97K","0,00%"
"16.11.2020","22,865","22,548","23,482","22,266","1,21M","2,73%"
"13.11.2020","22,257","21,641","22,257","21,641","685,46K","1,81%"
"12.11.2020","21,861","21,702","22,055","21,605","780,92K","-0,96%"
"11.11.2020","22,072","22,716","23,103","21,931","1,31M","-2,83%"
"10.11.2020","22,716","21,755","22,909","21,332","2,54M","4,25%"
"09.11.2020","21,790","20,151","22,125","20,072","1,90M","10,25%"
"06.11.2020","19,764","19,667","19,966","19,561","688,14K","-0,71%"
"05.11.2020","19,905","19,279","19,905","19,200","2,97M","3,77%"
"04.11.2020","19,182","19,076","19,605","18,900","1,27M","-2,51%"
"03.11.2020","19,676","19,649","19,790","18,900","1,59M","1,36%"
"02.11.2020","19,411","17,993","19,614","17,816","1,91M","7,99%"
"30.10.2020","17,975","17,843","18,239","17,631","1,33M","-0,29%"
"29.10.2020","18,028","17,781","18,407","17,200","1,95M","1,89%"
"28.10.2020","17,693","18,151","18,442","17,693","1,37M","-4,38%"
"27.10.2020","18,504","19,129","19,182","18,222","1,50M","-3,45%"
"26.10.2020","19,165","19,905","20,090","19,165","1,09M","-5,02%"
"23.10.2020","20,178","19,896","20,442","19,825","1,07M","1,06%"
"22.10.2020","19,966","19,825","20,090","19,447","2,32M","0,31%"
"21.10.2020","19,905","20,442","20,442","19,896","1,09M","-1,91%"
"20.10.2020","20,292","20,301","20,671","20,196","717,00K","-0,69%"
"19.10.2020","20,433","20,645","20,997","20,266","582,64K","-0,51%"
"16.10.2020","20,539","20,654","20,768","20,257","737,55K","-0,17%"
"15.10.2020","20,574","20,645","20,645","20,240","790,36K","-2,26%"
"14.10.2020","21,050","20,671","21,165","20,522","545,70K","1,75%"
"13.10.2020","20,689","21,200","21,323","20,636","902,41K","-3,10%"
"12.10.2020","21,350","21,746","21,773","21,244","646,21K","-1,58%"
"09.10.2020","21,693","22,134","22,460","21,526","861,87K","-2,07%"
"08.10.2020","22,152","21,975","22,363","21,923","900,93K","2,11%"
"07.10.2020","21,693","21,931","22,143","20,830","1,40M","-1,44%"
"06.10.2020","22,011","21,315","22,257","21,200","1,82M","3,35%"
"05.10.2020","21,297","20,636","21,464","19,931","2,30M","3,20%"
"02.10.2020","20,636","16,741","20,636","16,614","5,95M","25,85%"
"01.10.2020","16,398","17,125","17,253","16,398","986,85K","-3,90%"
"30.09.2020","17,063","16,653","17,305","16,543","920,55K","1,95%"
"29.09.2020","16,737","17,213","17,213","16,737","693,09K","-3,48%"
"28.09.2020","17,341","17,063","17,504","16,988","769,58K","3,63%"
"25.09.2020","16,733","17,019","17,072","16,393","1,06M","-1,91%"
"24.09.2020","17,059","16,808","17,301","16,750","967,21K","-0,21%"
"23.09.2020","17,094","16,504","17,376","16,358","1,37M","4,81%"
"22.09.2020","16,310","16,565","16,565","16,111","1,51M","1,68%"
"21.09.2020","16,041","17,693","17,693","16,041","2,47M","-10,23%"
"18.09.2020","17,869","18,698","18,698","17,869","2,65M","-4,16%"
"17.09.2020","18,645","18,548","18,759","18,424","758,06K","-0,94%"
"16.09.2020","18,821","18,548","18,821","18,372","842,06K","1,47%"
"15.09.2020","18,548","18,654","18,742","18,477","735,62K","-0,28%"
"14.09.2020","18,601","18,909","19,015","18,601","845,62K","-0,61%"
"11.09.2020","18,715","18,407","18,733","18,257","781,38K","1,68%"
"10.09.2020","18,407","18,424","18,680","18,310","778,97K","-0,24%"
"09.09.2020","18,451","18,134","18,477","18,019","863,22K","1,45%"
"08.09.2020","18,187","18,715","18,997","18,046","1,03M","-2,92%"
"07.09.2020","18,733","18,345","18,759","18,239","688,59K","2,80%"
"04.09.2020","18,222","18,504","18,671","18,160","1,02M","-1,80%"
"03.09.2020","18,557","18,521","19,015","18,477","909,11K","0,96%"
"02.09.2020","18,380","18,160","18,486","18,081","730,06K","1,66%"
"01.09.2020","18,081","18,469","18,469","17,825","815,10K","0,00%"
"31.08.2020","18,081","18,936","18,936","18,081","1,21M","-3,30%"
"28.08.2020","18,698","18,803","18,909","18,592","595,07K","-0,14%"
"27.08.2020","18,724","18,680","18,962","18,574","680,63K","-0,33%"
"26.08.2020","18,786","18,839","19,094","18,574","692,82K","-0,65%"
"25.08.2020","18,909","19,473","19,676","18,909","874,59K","-2,72%"
"24.08.2020","19,438","19,200","19,438","18,997","828,52K","2,13%"
"21.08.2020","19,032","18,927","19,129","18,495","869,26K","1,22%"
"20.08.2020","18,803","18,742","18,874","18,477","606,42K","-1,70%"
"19.08.2020","19,129","18,609","19,129","18,389","721,29K","2,65%"
"18.08.2020","18,636","18,504","19,094","18,336","717,04K","-0,05%"
"17.08.2020","18,645","18,671","18,847","18,416","956,71K","-0,52%"
"14.08.2020","18,742","18,944","18,944","18,046","986,63K","-1,16%"
"13.08.2020","18,962","19,200","19,376","18,962","875,68K","-1,19%"
"12.08.2020","19,191","19,499","19,596","19,191","656,36K","-2,24%"
"11.08.2020","19,632","18,900","19,676","18,900","1,08M","5,39%"
"10.08.2020","18,627","18,178","18,627","18,081","922,10K","3,12%"
"07.08.2020","18,063","18,283","18,416","17,720","1,18M","-2,19%"
"06.08.2020","18,469","18,733","18,733","18,116","892,13K","-1,73%"
"05.08.2020","18,795","18,504","18,936","18,504","1,08M","2,45%"
"04.08.2020","18,345","17,966","18,460","17,816","1,45M","3,69%"
"03.08.2020","17,693","17,200","17,711","16,852","1,61M","2,71%"
"31.07.2020","17,226","17,728","17,993","17,213","1,86M","-2,64%"
"30.07.2020","17,693","18,689","18,706","17,535","1,45M","-5,33%"
"29.07.2020","18,689","18,839","18,944","18,627","847,70K","-0,84%"
"28.07.2020","18,847","18,900","19,358","18,795","1,01M","-0,51%"
"27.07.2020","18,944","19,579","19,632","18,856","1,70M","-3,50%"
"24.07.2020","19,632","20,266","20,495","19,632","1,20M","-4,21%"
"23.07.2020","20,495","20,707","20,821","20,345","648,00K","-0,51%"
"22.07.2020","20,601","20,442","20,663","20,319","781,62K","0,30%"
"21.07.2020","20,539","20,962","21,085","20,504","975,68K","-0,43%"
"20.07.2020","20,627","20,768","20,812","20,354","807,73K","-0,64%"
"17.07.2020","20,759","20,848","20,989","20,530","913,54K","-0,42%"
"16.07.2020","20,848","21,288","21,429","20,795","1,41M","-2,27%"
"15.07.2020","21,332","21,006","21,367","20,742","1,44M","2,67%"
"14.07.2020","20,777","21,033","21,138","20,337","1,51M","-2,32%"
"13.07.2020","21,271","21,147","21,544","20,971","1,29M","1,47%"
"10.07.2020","20,962","19,966","21,103","19,931","1,27M","4,43%"
"09.07.2020","20,072","20,566","20,680","20,072","1,00M","-1,51%"
"08.07.2020","20,381","20,398","20,751","20,160","1,15M","-1,15%"
"07.07.2020","20,618","21,041","21,050","20,513","1,55M","-2,05%"
"06.07.2020","21,050","20,865","21,500","20,812","2,27M","2,62%"
"03.07.2020","20,513","20,724","20,812","20,151","978,14K","-0,89%"
"02.07.2020","20,698","19,958","20,812","19,896","1,91M","4,26%"
"01.07.2020","19,852","19,693","20,046","19,323","1,65M","0,40%"
"30.06.2020","19,773","19,825","20,063","19,614","1,92M","-0,66%"
"29.06.2020","19,905","19,121","20,002","19,085","1,41M","2,78%"
"26.06.2020","19,367","19,931","20,019","19,367","1,43M","-2,09%"
"25.06.2020","19,781","19,297","19,958","19,041","2,24M","2,79%"
"24.06.2020","19,244","20,160","20,618","19,182","2,40M","-4,71%"
"23.06.2020","20,196","19,896","20,883","19,773","2,11M","-3,17%"
"22.06.2020","20,856","20,883","21,006","20,398","1,65M","-0,34%"
"19.06.2020","20,927","21,209","21,641","20,927","5,70M","-0,42%"
"18.06.2020","21,015","21,068","21,579","20,566","1,79M","-0,83%"
"17.06.2020","21,191","21,667","22,028","20,962","3,49M","-2,28%"
"16.06.2020","21,685","21,182","21,984","20,795","2,35M","6,95%"
"15.06.2020","20,275","19,385","20,433","19,015","2,06M","1,68%"
"12.06.2020","19,940","20,072","20,654","19,588","2,01M","-1,01%"
"11.06.2020","20,143","21,182","21,200","20,143","1,89M","-7,45%"
"10.06.2020","21,764","22,627","23,174","21,658","1,33M","-4,30%"
"09.06.2020","22,742","23,456","23,588","22,072","2,24M","-3,08%"
"08.06.2020","23,465","22,909","24,143","22,663","1,90M","2,23%"
"05.06.2020","22,953","22,830","23,218","22,654","2,13M","2,64%"
"04.06.2020","22,363","22,733","23,200","22,249","2,34M","-14,19%"
"03.06.2020","26,060","24,780","26,070","24,700","1,62M","6,80%"
"02.06.2020","24,400","23,940","24,670","23,900","1,17M","2,31%"
"01.06.2020","23,850","23,450","24,080","23,230","1,18M","3,92%"
"29.05.2020","22,950","23,300","23,640","22,820","2,24M","-3,25%"
"28.05.2020","23,720","23,730","23,980","23,180","1,56M","1,76%"
"27.05.2020","23,310","24,000","24,620","23,240","3,77M","-3,20%"
"26.05.2020","24,080","22,310","24,180","22,190","2,60M","9,70%"
"25.05.2020","21,950","20,870","22,100","20,720","1,31M","6,61%"
"22.05.2020","20,590","20,530","20,990","20,340","1,36M","-0,77%"
"21.05.2020","20,750","20,060","21,170","19,950","1,75M","2,12%"
"20.05.2020","20,320","20,590","20,860","19,710","3,16M","-2,78%"
"19.05.2020","20,900","23,200","23,290","20,230","3,86M","-9,41%"
"18.05.2020","23,070","22,130","23,070","22,130","1,62M","4,86%"
"15.05.2020","22,000","22,300","22,680","22,000","1,85M","-1,35%"
"14.05.2020","22,300","23,230","23,430","22,090","1,86M","-4,54%"
"13.05.2020","23,360","23,410","23,860","23,200","1,24M","-2,05%"
"12.05.2020","23,850","23,640","23,930","23,410","1,45M","0,85%"
"11.05.2020","23,650","24,130","24,210","23,620","1,26M","-0,38%"
"08.05.2020","23,740","23,700","23,950","23,540","1,23M","1,37%"
"07.05.2020","23,420","23,400","23,660","23,380","1,25M","0,39%"
"06.05.2020","23,330","22,910","23,700","22,610","2,47M","1,39%"
"05.05.2020","23,010","22,800","23,120","22,250","2,04M","3,05%"
"04.05.2020","22,330","22,320","22,670","21,920","1,96M","-1,93%"